Earbud,Headphone,Charger,
Earbud,Charger,,
Earbud,Headphone,Bread,Milk
Headphone,Charger,Jelly,Bread
Bread,Jelly,Milk,Jelly
Bread,Milk,Headphne,Charger
Bread,Jelly,Milk,
Bread,Earbud,Jelly,Milk
Earbud,Headphone,Milk,Charger
Charger,Bread,Milk,
Charger,Jelly,Headphone,Earbud
Headphone,Bread,Milk,Earbud
Charger,Milk,Bread,Headphone
Jelly,Milk,Avocado,Bread
Charger,Headphone,Cantaloupe,Bread
Bread,Milk,Juice,Jelly
Earbud,Charger,Avocado,
Bread,Charger,Milk,Jelly
Milk,Bread,Soda,Pasta
Charger,Headphone,Charger,Soda